h1_text,h2_text,p_text
How do I set up automatic investments?,Step 1,"This example is for illustrative purposes only and is not a recommendation to buy or sell a particular security. ,Brokerage assets are held by Vanguard Brokerage Services, a division of Vanguard Marketing Corporation, member FINRA and SIPC. ,Select , from the utility navigation in the top-right portion of your screen. ,Select , under the , section. ,On the , page, select the account you want to invest into. ,It’s important to note that you can only automate investments into Vanguard mutual funds. ,Select the funding method you’d like to use, the frequency of the investment, and when you’d like the automatic investment to begin and end. ,Enter the total amount you’d like to invest. You can choose dollar amount, percentage, or split the investment amount equally among the funds you’d like to invest into. Click , ,If you are investing into an IRA, your investment amount cannot exceed your annual contribution limit. ,Review your automatic investment and click , to finalize setting up your automatic investment. "
h1_text,h2_text,p_text
How do I set up automatic investments?,Step 1,"This example is for illustrative purposes only and is not a recommendation to buy or sell a particular security. ,Brokerage assets are held by Vanguard Brokerage Services, a division of Vanguard Marketing Corporation, member FINRA and SIPC. ,Select , from the utility navigation in the top-right portion of your screen. ,Select , under the , section. ,On the , page, select the account you want to invest into. ,It’s important to note that you can only automate investments into Vanguard mutual funds. ,Select the funding method you’d like to use, the frequency of the investment, and when you’d like the automatic investment to begin and end. ,Enter the total amount you’d like to invest. You can choose dollar amount, percentage, or split the investment amount equally among the funds you’d like to invest into. Click , ,If you are investing into an IRA, your investment amount cannot exceed your annual contribution limit. ,Review your automatic investment and click , to finalize setting up your automatic investment. "
h1_text,h2_text,p_text
How do I set up automatic investments?,"Step 1,Step 2,Step 3,Step 4,Step 5","This example is for illustrative purposes only and is not a recommendation to buy or sell a particular security. ,Brokerage assets are held by Vanguard Brokerage Services, a division of Vanguard Marketing Corporation, member FINRA and SIPC. ,Select , from the utility navigation in the top-right portion of your screen. ,Select , under the , section. ,On the , page, select the account you want to invest into. ,It’s important to note that you can only automate investments into Vanguard mutual funds. ,Select the funding method you’d like to use, the frequency of the investment, and when you’d like the automatic investment to begin and end. ,Enter the total amount you’d like to invest. You can choose dollar amount, percentage, or split the investment amount equally among the funds you’d like to invest into. Click , ,If you are investing into an IRA, your investment amount cannot exceed your annual contribution limit. ,Review your automatic investment and click , to finalize setting up your automatic investment. "
h1_text,h2_text,p_text
How do I set up automatic investments?,"Step 1,Step 2,Step 3,Step 4,Step 5","This example is for illustrative purposes only and is not a recommendation to buy or sell a particular security. ,Brokerage assets are held by Vanguard Brokerage Services, a division of Vanguard Marketing Corporation, member FINRA and SIPC. ,Select ,PROFILE & ACCOUNT SETTINGS, from the utility navigation in the top-right portion of your screen. ,Select ,Automatic investment, under the ,Banking and money movement, section. ,On the ,Set up automatic investments, page, select the account you want to invest into. ,It’s important to note that you can only automate investments into Vanguard mutual funds. ,Select the funding method you’d like to use, the frequency of the investment, and when you’d like the automatic investment to begin and end. ,Enter the total amount you’d like to invest. You can choose dollar amount, percentage, or split the investment amount equally among the funds you’d like to invest into. Click ,CONTINUE., ,If you are investing into an IRA, your investment amount cannot exceed your annual contribution limit. ,Review your automatic investment and click ,SUBMIT, to finalize setting up your automatic investment. "
h1_text,h2_text,p_text
How do I set up automatic investments?,"Step 1,Step 2,Step 3,Step 4,Step 5","This example is for illustrative purposes only and is not a recommendation to buy or sell a particular security. ,Brokerage assets are held by Vanguard Brokerage Services, a division of Vanguard Marketing Corporation, member FINRA and SIPC. ,Select ,PROFILE & ACCOUNT SETTINGS, from the utility navigation in the top-right portion of your screen. ,Select ,Automatic investment, under the ,Banking and money movement, section. ,On the ,Set up automatic investments, page, select the account you want to invest into. ,It’s important to note that you can only automate investments into Vanguard mutual funds. ,Select the funding method you’d like to use, the frequency of the investment, and when you’d like the automatic investment to begin and end. ,Enter the total amount you’d like to invest. You can choose dollar amount, percentage, or split the investment amount equally among the funds you’d like to invest into. Click ,CONTINUE., ,If you are investing into an IRA, your investment amount cannot exceed your annual contribution limit. ,Review your automatic investment and click ,SUBMIT, to finalize setting up your automatic investment. "
h1_text,h2_text,p_text
How do I set up automatic investments?,"Step 1,Step 2,Step 3,Step 4,Step 5","This example is for illustrative purposes only and is not a recommendation to buy or sell a particular security.,Brokerage assets are held by Vanguard Brokerage Services, a division of Vanguard Marketing Corporation, member FINRA and SIPC.,Select  PROFILE & ACCOUNT SETTINGS  from the utility navigation in the top-right portion of your screen.,Select  Automatic investment  under the  Banking and money movement  section.,On the  Set up automatic investments  page, select the account you want to invest into.,It’s important to note that you can only automate investments into Vanguard mutual funds.,Select the funding method you’d like to use, the frequency of the investment, and when you’d like the automatic investment to begin and end.,Enter the total amount you’d like to invest. You can choose dollar amount, percentage, or split the investment amount equally among the funds you’d like to invest into. Click  CONTINUE.,If you are investing into an IRA, your investment amount cannot exceed your annual contribution limit.,Review your automatic investment and click  SUBMIT  to finalize setting up your automatic investment."
h1_text,h2_text,p_text
How do I set up automatic investments?,"Step 1,Step 2,Step 3,Step 4,Step 5","This example is for illustrative purposes only and is not a recommendation to buy or sell a particular security.,Brokerage assets are held by Vanguard Brokerage Services, a division of Vanguard Marketing Corporation, member FINRA and SIPC.,Select  PROFILE & ACCOUNT SETTINGS  from the utility navigation in the top-right portion of your screen.,Select  Automatic investment  under the  Banking and money movement  section.,On the  Set up automatic investments  page, select the account you want to invest into.,It’s important to note that you can only automate investments into Vanguard mutual funds.,Select the funding method you’d like to use, the frequency of the investment, and when you’d like the automatic investment to begin and end.,Enter the total amount you’d like to invest. You can choose dollar amount, percentage, or split the investment amount equally among the funds you’d like to invest into. Click  CONTINUE.,If you are investing into an IRA, your investment amount cannot exceed your annual contribution limit.,Review your automatic investment and click  SUBMIT  to finalize setting up your automatic investment."
h2_text,p_texts
Step 1,"This example is for illustrative purposes only and is not a recommendation to buy or sell a particular security.,Brokerage assets are held by Vanguard Brokerage Services, a division of Vanguard Marketing Corporation, member FINRA and SIPC.,Select  PROFILE & ACCOUNT SETTINGS  from the utility navigation in the top-right portion of your screen.,Select  Automatic investment  under the  Banking and money movement  section."
Step 2,"On the  Set up automatic investments  page, select the account you want to invest into.,It’s important to note that you can only automate investments into Vanguard mutual funds."
Step 3,"Select the funding method you’d like to use, the frequency of the investment, and when you’d like the automatic investment to begin and end."
Step 4,"Enter the total amount you’d like to invest. You can choose dollar amount, percentage, or split the investment amount equally among the funds you’d like to invest into. Click  CONTINUE.,If you are investing into an IRA, your investment amount cannot exceed your annual contribution limit."
Step 5,Review your automatic investment and click  SUBMIT  to finalize setting up your automatic investment.
h2_text,p_texts
Step 1,"This example is for illustrative purposes only and is not a recommendation to buy or sell a particular security.,Brokerage assets are held by Vanguard Brokerage Services, a division of Vanguard Marketing Corporation, member FINRA and SIPC.,Select  PROFILE & ACCOUNT SETTINGS  from the utility navigation in the top-right portion of your screen.,Select  Automatic investment  under the  Banking and money movement  section."
Step 2,"On the  Set up automatic investments  page, select the account you want to invest into.,It’s important to note that you can only automate investments into Vanguard mutual funds."
Step 3,"Select the funding method you’d like to use, the frequency of the investment, and when you’d like the automatic investment to begin and end."
Step 4,"Enter the total amount you’d like to invest. You can choose dollar amount, percentage, or split the investment amount equally among the funds you’d like to invest into. Click  CONTINUE.,If you are investing into an IRA, your investment amount cannot exceed your annual contribution limit."
Step 5,Review your automatic investment and click  SUBMIT  to finalize setting up your automatic investment.
